{"cameraMode":{"drawMode":0,"name":"Shaded","section":"Shading Mode"},"sceneLighting":false,"audioPlay":false,"sceneViewState":{"showFog":true,"showMaterialUpdate":true,"showSkybox":false,"showFlares":true,"showImageEffects":true,"showParticleSystems":true},"in2DMode":false,"pivot":{"x":-0.16338998079299928,"y":0.5539979934692383,"z":-0.049615681171417239},"rotation":{"x":0.03778522089123726,"y":-0.24681426584720612,"z":0.009622687473893166,"w":0.9682881832122803},"size":1.668212652206421,"orthographic":false}