{"cameraMode":{"drawMode":0,"name":"Shaded","section":"Shading Mode"},"sceneLighting":false,"audioPlay":false,"sceneViewState":{"showFog":true,"showMaterialUpdate":true,"showSkybox":false,"showFlares":true,"showImageEffects":true,"showParticleSystems":true},"in2DMode":false,"pivot":{"x":-0.029485899955034257,"y":0.3546913266181946,"z":0.11078491806983948},"rotation":{"x":0.2816080152988434,"y":0.051782939583063129,"z":-0.01522167306393385,"w":0.9580110907554627},"size":0.8660253882408142,"orthographic":false}