{"cameraMode":{"drawMode":0,"name":"Shaded","section":"Shading Mode"},"sceneLighting":true,"audioPlay":false,"sceneViewState":{"showFog":true,"showMaterialUpdate":true,"showSkybox":true,"showFlares":true,"showImageEffects":true,"showParticleSystems":true},"in2DMode":false,"pivot":{"x":634.3792114257813,"y":894.9210205078125,"z":631.4814453125},"rotation":{"x":-0.001499929465353489,"y":0.007499970030039549,"z":0.000011220710803172551,"w":0.9999708533287048},"size":1440.027099609375,"orthographic":false}