{"cameraMode":{"drawMode":0,"name":"Shaded","section":"Shading Mode"},"sceneLighting":false,"audioPlay":false,"sceneViewState":{"showFog":true,"showMaterialUpdate":true,"showSkybox":false,"showFlares":true,"showImageEffects":true,"showParticleSystems":true},"in2DMode":false,"pivot":{"x":1.9080325365066529,"y":-0.9563803672790527,"z":3.9665493965148927},"rotation":{"x":0.1973353922367096,"y":0.14875297248363496,"z":-0.0303086768835783,"w":0.9685106873512268},"size":3.5660250186920168,"orthographic":false}